Name,RMP_name,GPA,Difficulty,Students,RMP_Ratings,First,Last,Years,PNP,Letter,RMP_rating,Departments,,,,,,
STRATHMAN B A, Brent Strathman,2.902888,4.3,5402,90,2015,2024,9,0,5402,3.3,POL,,,,,,
ETTENBERG A,Aaron Ettenberg,2.540489,3.6,2823,36,2010,2020,10,57,2766,4.6,PSY,,,,,,
ZIMMERMAN A Z,Aaron Zimmerman,2.961008,2.8,4783,113,2010,2024,14,0,4783,4,INT,PHIL,,,,,
MEHTA A S,Aashish Mehta,2.992794,3.9,2928,34,2010,2024,14,0,2928,4.1,GLOBL,,,,,,
AGBOOLA A,Adebisi Agboola,3.015297,3.6,2373,80,2010,2024,14,31,2342,2.1,MATH,,,,,,
YAQUB A M,Adil Yaqub,3.006283,2.3,1512,52,2010,2016,6,0,1512,3,MATH,,,,,,
EDGAR A L,Adrienne Edgar,3.203091,2.9,2265,26,2010,2023,13,0,2265,3.3,HIST,,,,,,
FERRER A J,Al Ferrer,2.890849,3,601,27,2009,2016,7,0,601,3.9,ESS,,,,,,
FRIDLUND A J,Alan Fridlund,2.507125,3.1,23467,492,2009,2024,15,2,23465,4.1,PSY,,,,,,
LIU A Y,Alan Liu,3.11042,4.1,1286,32,2009,2024,15,0,1286,2.6,ENGL,,,,,,
CIMINO A N,Aldo Cimino,2.811864,2.3,1416,25,2011,2019,8,0,1416,4.8,ANTH,,,,,,
SIMMS A R,Alex Simms,3.16889,2.4,2774,63,2011,2024,13,190,2584,4.3,EARTH,INT,,,,,
WROBEL A J,Alex Wrobel,2.979236,2.4,2933,43,2018,2024,6,14,2919,5,EARTH,,,,,,
CHRONOPOULOU,Alexandra Chronopoulou,2.727387,3.4,1110,32,2011,2013,2,0,1110,2.8,PSTAT,,,,,,
NGUYEN A T,Alice Nguyen,2.970423,4,45866,70,2012,2024,12,54,45812,1.1,EEMB,MCDB,,,,,
AMIHAY O,Alice O'Connor,3.639803,3.4,711,52,2016,2021,5,0,711,3.9,C,HEB,RG,,,,
CAST A D,Alicia Cast,3.227568,2.6,3573,33,2011,2024,13,1,3572,4.7,SOC,,,,,,
TAZHITDINOVA,Alisa Tazhitdinova,3.028849,3.2,2364,29,2018,2024,6,0,2364,2.4,ECON,,,,,,
SLADE A M,Allison Slade,3.281392,3.4,4439,30,2017,2023,6,0,4439,3,ESS,,,,,,
DOMINGUEZ-WHI,Alvio Dominguez,3.953824,2.5,693,167,2020,2023,3,693,0,4.6,INT,,,,,,
STANSELL A,Amanda Stansell,3.463648,2.4,2352,56,2010,2024,14,1,2351,4.4,W&L,WRIT,,,,,
SINGH A K,Ambuj Singh,3.344665,3.7,1359,26,2009,2024,15,1,1358,2.5,CMPSC,PSTAT,,,,,
SHILO A,Amit Shilo,3.252976,2.6,4351,41,2014,2024,10,0,4351,3.1,CLASS,GREEK,,,,,
EL ABBADI A,Amr El Abbadi,3.282359,3.1,1831,31,2010,2023,13,0,1831,4.3,CMPSC,ECE,INT,,,,
GONZALES A L,Amy Gonzales,3.107463,3.5,2278,31,2019,2024,5,48,2230,2.6,COMM,INT,,,,,
JAMIESON A E,Amy Jamieson,3.657137,2.2,29874,83,2009,2024,15,17465,12409,3.3,ES,ESS,INT,,,,
LASHMET A J,Amy Lashmet,3.549002,3.1,1002,36,2016,2024,8,211,791,3.5,LING,,,,,,
SMALL A L,Amy Small,3.70481,3.5,894,21,2016,2024,8,382,512,3.5,LING,,,,,,
WYSS A R,Andre Wyss,2.956607,3.2,2800,33,2009,2024,15,830,1970,3.5,EARTH,EEMB,GEOL,,,,
YOUNG A F,Andrea Young,2.994569,4.5,1068,37,2015,2024,9,1,1067,2.6,PHYS,,,,,,
CARTER A V,Andrew Carter,3.075964,3,3137,68,2010,2024,14,137,3000,3.1,PSTAT,PSTATW,,,,,
FLANAGIN A J,Andrew Flanagin,2.682154,4,3110,134,2010,2024,14,2,3108,3.6,COMM,,,,,,
GRIFFIN A R,Andrew Griffin,3.435444,2.6,3411,52,2010,2023,13,0,3411,4,ENGL,,,,,,
MEROLLA A J,Andy Merolla,3.188676,2.7,3541,53,2016,2024,8,3,3538,4.9,COMM,,,,,,
JAYICH ANIA,Ania Jayich,2.750131,4.1,1143,36,2017,2023,6,2,1141,2.1,PHYS,,,,,,
ADAMS A J,Ann Adams,3.373382,3.2,1221,38,2009,2023,14,146,1075,3.8,ARTHI,INT,,,,,
HOLMS A E,Ann Holms,3.890659,1.6,835,38,2009,2017,8,0,835,4,ENGR,WRIT,,,,,
PLANE A M,Ann Plane,2.939067,3.1,1500,39,2009,2021,12,2,1498,3.3,C,HIST,,,,,
BRUSUTTI A,Anna Brusutti,2.992746,3,8092,164,2009,2024,15,0,8092,3.1,FAMST,FLMST,,,,,
BARBIERI-LOW,Anthony Barbieri-Low,2.953491,3.1,2492,44,2010,2019,9,0,2492,3.6,CHIN,EACS,HIST,,,,
ATHANASSAKIS,Apostolos Athanassakis,3.197566,1.6,1027,71,2010,2011,1,0,1027,4.4,CLASS,GREEK,,,,,
FRADENBURG L,Aranye Fradenburg,3.191576,3.2,1282,48,2009,2018,9,34,1248,3,C,ENGL,INT,LIT,,,
KURIS A M,Armand Kuris,3.194509,3.7,3642,34,2009,2024,15,325,3317,4.3,BIOL,EEMB,INT,,,,
GILBERT A R,Art Gilbert,2.598006,3.2,6370,97,2009,2013,4,44,6326,3.9,ES,ESS,,,,,
TARIKERE ASHO,Ashwin Tarikere,2.875519,3.8,915,43,2020,2023,3,0,915,3.1,MATH,,,,,,
EK A A,Auli Ek,3.485417,2.5,3504,44,2009,2020,11,0,3504,3.3,WRIT,,,,,,
HOLDREGE B A,Barbara Holdrege,2.954111,3.4,2092,46,2009,2024,15,0,2092,3.4,C,RG,,,,,
THAYER B S,Barbara Thayer,2.628951,4,753,24,2017,2019,2,0,753,3.3,PSY,,,,,,
REESE B E,Ben Reese,2.56451,4.7,1144,33,2009,2022,13,38,1106,2.9,INT,MCDB,PSY,,,,
COHEN B J,Benjamin Cohen,3.149175,3.4,2243,42,2009,2020,11,0,2243,4.4,GLOBL,POL,,,,,
ZULUETA B C,Benjamin Zulueta,3.194766,3.2,3821,34,2009,2024,15,25,3796,3.1,AS,,,,,,
SARKAR B,Bhaskar Sarkar,3.074148,3.5,1702,52,2009,2024,15,12,1690,3.3,C,ENGL,FAMST,FLMST,INT,,
HUISGEN-ZIMME,Birge Huisgen-Zimmerman,2.719876,3,971,49,2009,2024,15,90,881,4.1,MATH,,,,,,
GHOSH B,Bishnupriya Ghosh,3.414615,2.1,2737,41,2009,2024,15,41,2696,3.9,ENGL,FAMST,GLOBL,INT,W&L,,
BIRNIR B,Bjorn Birnir,3.35755,3,2563,62,2012,2024,12,0,2563,2.3,MATH,,,,,,
BOULEY B A,Brad Bouley,3.425731,2.7,2258,41,2019,2024,5,49,2209,4.7,HIST,INT,,,,,
MAJOR B N,Brenda Major,2.915773,3.3,3170,49,2010,2022,12,133,3037,3,PSY,,,,,,
DONNELLY B,Brian Donnelly,3.355361,2.6,5708,39,2009,2024,15,13,5695,4.6,ENGL,INT,,,,,
ERNST B C,Brian Ernst,3.67296,2,1250,25,2012,2024,12,0,1250,4.8,WRIT,,,,,,
WAINWRIGHT B,Brian Wainwright,3.100738,3.4,5688,106,2016,2024,8,0,5688,3,PSTAT,,,,,,
WESTMACOTT B,Briana Westmacott,3.708067,3,1438,28,2013,2024,11,158,1280,3.8,INT,LING,,,,,
ERICKSON B L,Brice Erickson,3.079059,2.7,8481,175,2009,2023,14,55,8426,4.3,CLASS,GREEK,INT,LATIN,,,
COGGINS B L,Bridget  Coggins,2.956105,3.6,2023,50,2015,2024,9,0,2023,2.7,POL,,,,,,
BIMBER B,Bruce Bimber,3.031561,3.7,1768,74,2009,2024,15,0,1768,4,POL,,,,,,
LIPSHUTZ B H,Bruce Lipshutz,3.474192,4,1732,39,2009,2023,14,0,1732,4,CHEM,,,,,,
TIFFNEY B H,Bruce Tiffney,3.046524,3.1,1539,35,2010,2023,13,243,1296,4.6,ART,BIOL,EARTH,EEMB,GEOL,INT,MUS
SYLVESTER B M,Bryanna Sylvester,2.501353,3.4,7984,336,2020,2024,4,30,7954,3.6,CHEM,INT,,,,,
FIORINA C P,Camilla Fiorina,3.401082,2,1663,28,2011,2024,13,0,1663,4.9,ITAL,,,,,,
WAID C J,Candace Waid,3.377372,3,3120,73,2010,2023,13,0,3120,3.1,ENGL,INT,,,,,
CONVERSE C W,Caren Converse,3.585061,1.9,2142,36,2009,2019,10,0,2142,4.8,ED,WRIT,,,,,
MEINHART C,Carl Meinhart,3.253414,3.5,1904,21,2009,2024,15,76,1828,4.6,ME,,,,,,
LANSING C L,Carol Lansing,3.159747,3.1,3001,71,2009,2024,15,0,3001,3.6,HIST,ME,,,,,
PRESS C M,Carol Press,3.231201,1.9,19070,184,2010,2023,13,0,19070,3.6,DANCE,THTR,,,,,
WALSH C,Casey Walsh,3.176616,2.3,9408,167,2009,2024,15,0,9408,3.3,ANTH,LAIS,,,,,
NESCI C,Catherine Nesci,3.510337,2.7,1248,27,2010,2024,14,0,1248,4.2,C,FR,GER,,,,
PFAFF C E,Catherine Pfaff,2.825511,3.9,1027,39,2015,2018,3,0,1027,3.8,MATH,,,,,,
BUSBY C,Cathy Busby,3.090382,2.4,1258,30,2009,2014,5,77,1181,3.6,EARTH,GEOL,,,,,
MENDEZ S C,Cecilia Mendez,2.750629,4.3,2307,58,2009,2024,15,14,2293,2,HIST,INT,LAIS,,,,
ROBINSON C J,Cedric Robinson,3.163939,3.5,782,28,2009,2015,6,0,782,3.5,BL,POL,,,,,
KOC C K,Cetin Kaya Koc,3.350602,2.2,3571,26,2009,2020,11,87,3484,4.3,CMPSC,CMPSCCS,CMPTGCS,MATH,,,
GARFINKLE C G,Charlene Garfinkle,3.524546,2.2,1817,25,2011,2023,12,0,1817,4.1,ARTHI,,,,,,
AKEMANN C A,Charles Akemann,2.613122,3.8,6371,221,2009,2024,15,13,6358,2.2,MATH,,,,,,
MULLIN C R,Charles Mullin,2.860916,3.8,4759,106,2009,2021,12,137,4622,2.5,COMM,,,,,,
STUART C,Charles Stuart,2.937631,3.8,2203,32,2009,2023,14,0,2203,2.6,ECON,,,,,,
QIN C Z,Cheng-Zhong Qin,3.020478,3.9,3765,47,2010,2024,14,0,3765,2.5,ECON,,,,,,
STEINKELLNER,Cheri Steinkellner,3.747503,1.5,4145,33,2010,2022,12,228,3917,4.6,FAMST,FLMST,INT,LIT,,,
SHINAGAWA C,Chikako Shinagawa,3.575113,2,1547,37,2009,2020,11,0,1547,5,JAPAN,,,,,,
HAYES C S,Chris Hayes,3.113879,3.6,3725,22,2009,2024,15,1,3724,3.1,BMSE,MCDB,,,,,
NEWFIELD C J,Chris Newfield,3.359486,2.4,2488,40,2011,2020,9,0,2488,3.8,ENGL,,,,,,
HERRERA ORTIZ,Christian Herrera,2.536126,3.7,2256,42,2016,2018,2,0,2256,1.9,PSY,,,,,,
VENEGAS C,Christina Venegas,3.238839,3.4,1671,23,2011,2024,13,215,1456,2.4,FAMST,FLMST,,,,,
BERNT C M,Christopher Bernt,2.955443,3.7,15057,68,2016,2024,8,16,15041,2.9,CHEM,,,,,,
STEPHENS C C,Christopher Cody Stephens,3.178195,3.6,1064,34,2014,2019,5,0,1064,2.8,HIST,WRIT,,,,,
LOPEZ C,Christopher Lopez,3.080728,3.7,742,24,2018,2020,2,0,742,2.5,MATH,,,,,,
MCAULEY C,Christopher McAuley,3.257422,2.5,4305,72,2009,2024,15,0,4305,4.3,BL,HIST,,,,,
OGRAIN C M,Christopher Ograin,2.950828,2.7,3624,54,2010,2024,14,104,3520,4.3,ED,MATH,,,,,
BENELLI C A,Cindy Benelli,3.123042,2.9,11097,175,2010,2024,14,0,11097,2.8,ECON,,,,,,
LEVAILLANT C,Claire Levaillant,3.902693,2.3,854,27,2011,2014,3,0,854,2.7,MATH,,,,,,
MOSER C H,Claudia  Moser,3.193167,2.9,4493,55,2015,2024,9,0,4493,3.8,ARTHI,ARTHIW,INT,WRIT,,,
TYLER C M,Claudia Tyler,3.741208,1.9,6273,27,2009,2024,15,1449,4824,4.8,ART,BIOL,EEMB,ENV,ESM,INT,MCDB
CAMPAGNARI C,Claudio Campagnari,3.234245,3,2853,38,2010,2024,14,0,2853,3.3,INT,PHYS,,,,,
FOGU C,Claudio Fogu,3.242777,3.3,3551,54,2009,2024,15,140,3411,3.5,HIST,INT,ITAL,,,,
NALL C M,Clayton Nall,3.121267,3.8,1105,34,2020,2024,4,0,1105,3.1,INT,POL,,,,,
HARMON C J,Coby Harmon,2.830422,3.1,9516,164,2009,2024,15,558,8958,3.6,ECON,,,,,,
REYES C A,Corinna Reyes,3.118371,2.5,1154,41,2009,2011,2,0,1154,3.8,LAIS,POL,,,,,
COTICH C,Craig Cotich,3.149761,2.9,2514,44,2009,2024,15,292,2222,4.3,INT,WRIT,,,,,
RAWLINGS C M,Craig Rawlings,3.075687,2.2,2875,33,2011,2015,4,0,2875,4.8,SOC,,,,,,
JOSEPH C A,Crisjoe Joseph,2.498505,3.7,20206,326,2013,2024,11,0,20206,4.1,CHEM,ENV,,,,,
MARTIN C L,Crystal Martin,2.967894,4.3,1277,24,2011,2024,13,1,1276,2.8,ASTRO,PHYS,,,,,
DAVIS C W,Cynthia Davis,2.876694,2.1,605,21,2012,2015,3,0,605,4.1,COMM,,,,,,
FELANDO C L,Cynthia Felando,2.576666,3.7,4127,89,2010,2023,13,0,4127,3,FAMST,FLMST,,,,,
KAPLAN C S,Cynthia Kaplan,2.955613,4,1345,25,2010,2023,13,0,1345,2.6,POL,,,,,,
STOHL C,Cynthia Stohl,3.287052,3.3,2371,31,2009,2024,15,9,2362,3.9,COMM,,,,,,
LANE D S,Dan Lane,3.506644,2.7,2393,37,2019,2024,5,313,2080,4.9,COMM,INT,,,,,
LINZ D G,Dan Linz,3.598208,2.6,3906,40,2010,2024,14,17,3889,3.6,COMM,INT,,,,,
LUNA D A,Dan Luna,2.868364,3.1,7207,145,2012,2019,7,108,7099,4.5,EARTH,,,,,,
KORMAN D Z,Daniel Korman,3.073042,3,3179,38,2017,2023,6,57,3122,4.3,INT,PHIL,,,,,
KURIN D S,Danielle Kurin,3.572892,3.2,937,32,2013,2021,8,0,937,4.7,ANTH,,,,,,
GUAN D,Daoxiong Guan,3.563203,1.8,2329,28,2009,2024,15,0,2329,4.6,CHIN,,,,,,
ROBERTS D A,Dar Roberts,2.764626,3.6,1470,25,2011,2024,13,17,1453,4.5,GEOG,INT,,,,,
FELDWINN D L,Darby Feldwinn,2.350535,4.2,8509,211,2010,2024,14,206,8303,3.1,CHEM,ED,ENV,,,,
LONG D D,Darren Long,2.563555,3.4,1778,85,2010,2023,13,36,1742,3.5,MATH,,,,,,
COOPER D,Daryl Cooper,3.152738,2.6,15156,985,2009,2024,15,492,14664,4,INT,MATH,,,,,
VALENTINE D L,Dave Valentine,3.067057,3.2,2137,48,2009,2024,15,36,2101,3.1,BIOL,EARTH,EEMB,GEOL,MARSC,,
CLEVELAND D A,David Cleveland,3.201348,3.8,1335,22,2009,2018,9,94,1241,3.4,ANTH,ENV,GEOG,INT,,,
HARRIS-MOORE,David Harris,3.468985,2.9,2689,51,2011,2021,10,0,2689,2.5,INT,WRIT,,,,,
KOHL D M,David Kohl,2.810864,2.7,718,59,2010,2016,6,0,718,4.6,MCDB,,,,,,
LEA D W,David Lea,3.088994,2.1,2853,45,2009,2024,15,96,2757,4.3,EARTH,ESM,GEOL,INT,,,
LOW D A,David Low,2.995409,2.9,2788,35,2009,2024,15,1,2787,4,BMSE,MCDB,,,,,
MOAK D,David Moak,3.494915,2.6,4248,86,2019,2024,5,319,3929,4,C,FR,GLOBL,HIST,INT,ITAL,
MOKRISKI D A,David Mokriski,3.098307,3.1,1831,26,2017,2024,7,0,1831,4,PHIL,,,,,,
PAUL D C,David Paul,3.329995,3,2097,25,2010,2024,14,0,2097,3.8,MUS,,,,,,
SHERMAN D A,David Sherman,2.916214,3.1,4570,72,2009,2024,15,32,4538,3.6,INT,PSY,,,,,
STUART D D,David Stuart,2.939914,3.5,2786,45,2010,2024,14,167,2619,3.7,INT,PHYS,,,,,
WALKER D S,David Walker,3.386639,3.2,1669,38,2014,2024,10,0,1669,4.4,RG,,,,,,
PAI H I,Dawn Holmes,2.920076,2.7,1051,148,2009,2018,9,0,1051,3.4,ANTH,EACS,HIST,KOR,,,
FYGENSON D K,Deborah Fygenson,3.435002,4,4154,67,2009,2024,15,124,4030,2,BMSE,INT,PHYS,,,,
BLUMENTHAL,Debra Blumenthal,3.004889,2.9,1575,38,2010,2024,14,0,1575,2.6,HIST,INT,,,,,
LABUTIN D A,Denis Labutin,3.336792,2.5,4925,147,2010,2024,14,70,4855,2.8,INT,MATH,,,,,
BIELBY D D,Denise Bielby,3.356899,3.4,1406,30,2010,2020,10,0,1406,2.8,SOC,,,,,,
CLEGG D O,Dennis Clegg,2.635738,3.7,7278,35,2009,2024,15,52,7226,3.9,BIOE,BMSE,MCDB,,,,
KATZ D H,Derek Katz,3.462986,2.1,4247,47,2009,2024,15,0,4247,4.5,INT,MUS,,,,,
ALDEIS M D,Desiree Aldeis,3.247245,2.3,2976,21,2011,2018,7,32,2944,4.7,COMM,,,,,,
FRANKLIN D M,Diana Franklin,2.984682,3.3,1619,46,2009,2015,6,0,1619,3,CMPSC,,,,,,
FUJINO D C,Diane Fujino,3.118141,3.1,2679,84,2010,2024,14,91,2588,3.9,AS,INT,,,,,
MACKIE D M,Diane MacKie,3.16575,3.9,1454,28,2010,2022,12,53,1401,3,PSY,,,,,,
MIRZA D,Diba Mirza,3.498406,3,4014,56,2017,2024,7,19,3995,4.7,CMPSC,CMPSCW,CMPTGCS,,,,
MALEUVRE D,Didier Maleuvre,3.324457,3,3316,59,2009,2024,15,0,3316,3.4,C,FR,ITAL,,,,
ACOSTA-ALVEAR,Diego Acosta-Alvear,2.820494,4.3,1093,48,2017,2020,3,1,1092,2.5,MCDB,,,,,,
BOUWMEESTER D,Dirk Bouwmeester,3.012866,4.1,3381,58,2010,2024,14,16,3365,2.7,PHYS,,,,,,
AGRAWAL D,Divyakant Agrawal,3.276295,3.5,1814,38,2010,2023,13,1,1813,2.9,CMPSC,,,,,,
MULLIN D I,Dolly Mullin,2.687921,3.5,20350,351,2009,2023,14,89,20261,4.1,COMM,INT,,,,,
CASILLAS D I,Dolores Casillas,3.36841,2.3,5774,36,2010,2024,14,34,5740,4.3,C,CH,ED,INT,LING,,
JULLIEN D M,Dominique Jullien,3.076602,2.9,2013,22,2010,2023,13,0,2013,3,C,CLASS,ENGL,FR,MCDB,,
LUBACH D W,Don Lubach,3.684572,1.7,5166,44,2010,2019,9,294,4872,4.3,ED,,,,,,
AUE D H,Donald Aue,2.622684,3.6,7027,128,2009,2023,14,59,6968,3,CHEM,INT,,,,,
LOSTER D R,Donald Loster,3.06369,2.2,2520,46,2009,2020,11,207,2313,3.6,ECON,,,,,,
FOLSOM D P,Doug Folsom,3.537567,2.6,748,26,2010,2012,2,179,569,4.7,PHYS,,,,,,
STEIGERWALD D,Doug Steigerwald,3.142129,4.3,3392,40,2009,2024,15,0,3392,2.9,ECON,,,,,,
EARDLEY D M,Douglas Eardley,3.503512,1.3,2050,22,2009,2024,15,0,2050,4.3,PHYS,,,,,,
KULPER D E,Douglas Kulper,3.171779,3.2,7753,52,2009,2024,15,1248,6505,3.7,ECON,,,,,,
SEARS D W,Duane Sears,2.843491,4.4,2727,74,2010,2024,14,46,2681,2.7,INT,MCDB,,,,,
REYNOLDS D F,Dwight Reynolds,3.605847,1.9,1163,24,2010,2024,14,0,1163,4.5,C,RG,,,,,
MA D,Dzwokai Ma,3.059237,4.3,3459,41,2009,2024,15,52,3407,3.6,BMSE,MCDB,,,,,
EBRAHIM E,Ebrahim Ebrahim,3.086231,3.2,1823,57,2017,2020,3,0,1823,3.7,MATH,,,,,,
GARRISON E K,Ednie Garrison,3.496933,2.1,1467,35,2013,2018,5,0,1467,4,FEMST,,,,,,
RAPOSO E,Eduardo Raposo,3.292088,2.1,1643,24,2010,2021,11,0,1643,3.1,LING,PORT,SPAN,,,,
KELLER E A,Edward Keller,3.186407,2.8,3281,63,2009,2022,13,110,3171,3.3,EARTH,ENV,GEOG,GEOL,INT,,
BARVOSA E,Edwina Barvosa,3.174507,3.6,2687,31,2009,2024,15,101,2586,2.5,CH,FEMST,INT,POL,,,
RAYMOND E,Elena Raymond,3.442088,2.9,4961,49,2016,2024,8,0,4961,3.3,FEMST,SOC,,,,,
PANAGIOTOU E,Eleni Panagiotou,3.260548,3.3,2446,52,2013,2018,5,0,2446,2.4,MATH,,,,,,
BORIS E C,Elieen Boris,3.496375,2.6,993,30,2010,2024,14,14,979,3.4,FEMST,INT,,,,,
COOK E H,Elizabeth Cook,3.258516,3,1550,35,2010,2022,12,0,1550,4.1,C,ENGL,,,,,
DIGESER E D,Elizabeth Digeser,2.996478,3.8,3180,107,2009,2024,15,44,3136,2.8,ANTH,HIST,INT,,,,
GWINN E G,Elizabeth Gwinn,2.745877,4.3,2862,43,2011,2019,8,5,2857,2.1,ECE,PHYS,,,,,
SAUR E H,Elizabeth Saur,3.632895,2.5,1140,31,2019,2024,5,0,1140,5,WRIT,,,,,,
MCCRACKEN E,Ellen McCracken,2.738332,4.2,1547,56,2009,2021,12,385,1162,1.5,C,INT,SPAN,,,,
HERNANDEZ E D,Ellie Hernandez,3.475657,2.1,2206,33,2010,2024,14,0,2206,2.8,CH,FEMST,,,,,
IHM E D,Elliott Ihm,3.153749,3,2374,69,2018,2022,4,0,2374,4.5,INT,PSY,,,,,
VESPA E I,Emanuel Vespa,2.788201,3.9,2551,38,2013,2020,7,0,2551,2,ECON,,,,,,
DUFFY A E,Enda Duffy,3.331849,2.8,4019,60,2010,2024,14,218,3801,4.2,C,ENGL,INT,,,,
CHEN E,Eric Chen,3.257101,3.4,1028,27,2019,2021,2,0,1028,3.8,MATH,,,,,,
CORSINI E P,Eric Corsini,2.926437,4.7,1305,46,2013,2014,1,0,1305,1.4,PHYS,,,,,,
PRIETO E,Eric Prieto,3.305645,2.9,2604,40,2010,2024,14,9,2595,4.1,C,FR,INT,,,,
NIELSEN E S,Erik Nielsen,3.512239,2.7,2247,31,2010,2024,14,0,2247,3.8,ENV,GLOBL,SOC,,,,
RAPPAPORT E D,Erika Rappaport,3.312792,2.5,2822,52,2009,2024,15,0,2822,4,FEMST,HIST,,,,,
NINH E K,Erin Ninh,3.109258,3.5,3154,50,2010,2024,14,13,3141,3.6,AS,INT,,,,,
FREUND E G,Ernest Freund,3.201962,2.9,25133,200,2012,2024,12,0,25133,4.3,PHYS,,,,,,
JEFFERSON M E,Esperanza Jefferson,3.168528,1.9,1970,55,2009,2017,8,0,1970,4.5,PORT,SPAN,,,,,
CHAVEZ E A,Esteban Chavez,3.063049,3.7,1253,22,2012,2015,3,231,1022,3.5,PSTAT,,,,,,
LEZRA E M,Esther Lezra,3.306347,3.3,2190,40,2011,2023,12,0,2190,2.3,GLOBL,,,,,,
DARIAN-SMITH,Eve Darian-Smith,3.343791,2.8,1667,31,2009,2017,8,0,1667,3.7,GLOBL,INT,LAWSO,,,,
WADE E R,Evelyn Wade,3.77482,1.6,1251,54,2010,2014,4,0,1251,5,GER,,,,,,
LIPMAN E A,Everett Lipman,3.106068,3.7,5570,61,2009,2024,15,98,5472,3.4,PHYS,,,,,,
BLAKE F D,Felice Blake,3.384409,2.9,2867,47,2011,2024,13,7,2860,4.4,ENGL,INT,W&L,,,,
YEGUL F K,Fikret Yegul,2.71786,3.1,1355,89,2009,2016,7,0,1355,2.7,ARTHI,,,,,,
TWINE F W,France Winddance Twine,3.165456,3.4,1569,57,2009,2023,14,11,1558,2.6,INT,SOC,,,,,
CASTELLA-CABE,Francesc Castella,3.6585,2.1,1000,24,2019,2023,4,13,987,4.5,MATH,,,,,,
ROIG F S,Francesc Roig,3.096937,3.1,751,27,2009,2023,14,319,432,3.6,PHYS,,,,,,
DUNN F M,Francis Dunn,3.002074,2.6,8777,138,2009,2024,15,60,8717,3.7,C,CLASS,GREEK,INT,LATIN,,
LOMELI F A,Francisco Lomeli,2.619494,3.3,790,35,2010,2019,9,0,790,2.7,CH,SPAN,,,,,
BROWN F L,Frank Brown,2.919329,3.8,983,23,2011,2024,13,0,983,2.8,CH,CHEM,PHYS,,,,
DUTRA F A,Frank Dutra,3.144283,2.1,1102,24,2010,2012,2,0,1102,3.9,HIST,,,,,,
GIBOU F G,Frederic Gibou,3.629215,2.6,2064,22,2010,2023,13,112,1952,3.9,CMPSC,ME,,,,,
MENARD G,Gabriel Menard,2.758212,3.9,1029,26,2016,2022,6,14,1015,2.6,CHEM,INT,,,,,
CHARNESS G B,Gary Charness,3.546729,3,1605,40,2010,2024,14,0,1605,3.2,ECON,,,,,,
JOHNSON G T,Gaye Johnson,3.240592,2.7,1892,51,2009,2015,6,0,1892,4.2,BL,,,,,,
LIPSITZ G R,George Lipsitz,3.221441,3.3,1749,71,2009,2019,10,0,1749,3.5,BL,INT,SOC,,,,
KOUTROULAKIS,Georgios Koutroulakis,3.147074,3.5,6220,60,2017,2024,7,196,6024,4.3,INT,PHYS,,,,,
ALDANA G V,Gerardo Aldana,3.265984,3.6,1661,47,2009,2021,12,61,1600,3.1,ANTH,CH,INT,,,,
LIM G,Geunho Lim,2.62332,4.2,982,24,2020,2023,3,0,982,2.1,MATH,,,,,,
GUNN G B,Giles Gunn,3.31875,3.1,2336,81,2009,2018,9,0,2336,2.9,ENGL,GLOBL,,,,,
GENOVA G L,Gina Genova,3.429234,3.1,2350,46,2009,2024,15,267,2083,4.5,INT,WRIT,,,,,
VALLIS G L,Gina Vallis,3.498235,2.1,963,35,2010,2015,5,0,963,4.6,WRIT,,,,,,
PERRONE G,Giuliana Perrone,3.224804,2.6,3443,44,2017,2024,7,0,3443,4.6,HIST,,,,,,
BELTZ G,Glenn Beltz,3.433411,2.5,1287,44,2010,2024,14,0,1287,4.8,ME,,,,,,
PATTEN G,Glenn Patten,2.673848,3.5,2019,21,2010,2016,6,0,2019,3,CLASS,GREEK,LATIN,,,,
ABRA G J,Gordon  Abra,3.49068,3.5,6041,80,2014,2024,10,0,6041,3.9,COMM,SOC,,,,,
CHANG G,Grace Chang,3.228337,2.7,1648,87,2010,2022,12,0,1648,3.5,FEMST,,,,,,
HILLIS G A,Greg Hillis,3.317217,2.1,8631,125,2009,2024,15,0,8631,4.1,EACS,RG,,,,,
SIEGEL G D,Greg Siegel,2.755082,4.2,1899,28,2011,2024,13,22,1877,3.2,FAMST,FLMST,INT,MUS,,,
SANTORI G C,Gregg Santori,3.208435,3.2,1150,32,2009,2014,5,0,1150,2.7,POL,,,,,,
GRAVES G R,Gregory Graves,3.212785,2.4,13383,165,2009,2021,12,541,12842,4.3,ENV,HIST,,,,,
WEI G,Gufong Wei,2.732906,3.6,2650,107,2009,2024,15,41,2609,2.2,MATH,,,,,,
CHO G,Gunhee Cho,3.420734,3.1,1336,56,2021,2024,3,0,1336,3.5,MATH,,,,,,
MANN G S,Gurinder Singh Mann,3.381068,1.8,1891,38,2011,2014,3,0,1891,4.4,GLOBL,RG,,,,,
PONCE G,Gustavo Ponce,2.854448,3.4,3541,96,2009,2024,15,57,3484,2.6,INT,MATH,,,,,
MARCUSE H,Harold Marcuse,3.246873,2.5,3902,61,2009,2024,15,13,3889,3,HIST,INT,,,,,
NELSON H,Harry Nelson,3.326833,2.9,1364,24,2010,2024,14,10,1354,4.2,PHYS,,,,,,
BADAMO H A,Heather Badamo,3.080994,3.4,1589,34,2015,2024,9,0,1589,2.4,ARTHI,,,,,,
CENICEROS H,Hector Ceniceros,2.93762,3.1,3336,70,2009,2024,15,0,3336,3.3,ECE,MATH,ME,,,,
MORALES H L,Helen Morales,3.289277,2.2,5530,64,2009,2022,13,66,5464,4.1,CLASS,GREEK,INT,,,,
TASCHIAN H J,Helen Taschian,3.202591,3.3,3474,46,2014,2024,10,2,3472,3.6,ART,,,,,,
GARDNER H K,Helene Gardner,3.342679,3.2,5225,28,2011,2022,11,1252,3973,4,ENV,,,,,,
SANDER H C,Henry Sander,2.862769,4,2557,100,2009,2014,5,349,2208,3.6,ECON,,,,,,
BERNSTEIN H J,Hilary Bernstein,2.980011,3.2,1836,44,2009,2024,15,0,1836,4,FR,HIST,,,,,
YU H,Hongbo Yu,3.481362,2.9,1116,23,2021,2024,3,5,1111,3.5,PSY,,,,,,
GILES H,Howard Giles,3.389932,2.2,1480,21,2009,2021,12,1,1479,4.5,COMM,,,,,,
WINANT H,Howard Winant,3.102734,2.6,4646,143,2010,2021,11,0,4646,2.5,SOC,,,,,,
LEE H,Hua Lee,3.12662,3.4,1713,29,2010,2024,14,291,1422,3.1,ECE,INT,,,,,
CHEN H,Huachen Chen,3.522422,2.9,999,25,2019,2021,2,0,999,3.8,MATH,,,,,,
MIELE I,Ilene Miele,3.371611,1.9,3688,25,2009,2020,11,0,3688,4.2,WRIT,,,,,,
TALAMANTEZ I,Ines Talamantez,3.471421,2,2005,58,2009,2019,10,49,1956,2.8,ENV,INT,RG,,,,
BANKS I,Ingrid Banks,2.145043,4.6,2078,90,2010,2024,14,0,2078,2.7,BL,,,,,,
MCGEE J S,J. Sears McGee,2.717043,3.3,1285,40,2009,2019,10,9,1276,3.9,HIST,INT,,,,,
DONELAN J H,James Donelan,3.548634,2.7,3405,93,2009,2024,15,424,2981,3.9,C,ENGL,INT,LIT,W&L,WRIT,
MCNAMARA J P,James McNamara,3.356645,3.2,1204,24,2018,2024,6,0,1204,4.8,FAMST,,,,,,
POTTER W J,James Potter,3.022151,3.7,2018,54,2009,2024,15,0,2018,2.1,COMM,,,,,,
RONEY J R,James Roney,2.832138,3.6,3709,49,2009,2024,15,47,3662,3.4,PSY,,,,,,
TENER J E,James Tener,3.049578,2.7,1186,29,2015,2018,3,0,1186,4.4,MATH,,,,,,
DURAN R P,Jane Duran,3.928943,2.3,1116,23,2009,2023,14,0,1116,3.8,ED,,,,,,
DURAN J M,Jane Duran,3.509268,2.3,669,23,2009,2019,10,0,669,3.8,BL,,,,,,
MIZRAHI J L,Janet Mizrahi,3.358421,3.8,2001,43,2009,2021,12,18,1983,3.7,WRIT,,,,,,
BOBO J,Jaqueline Bobo,3.227083,2.6,3445,97,2009,2024,15,0,3445,2.7,FEMST,,,,,,
HENDERSON J G,Jarett Henderson,3.419958,3.4,1889,34,2018,2024,6,25,1864,3.4,HIST,INT,,,,,
RALEY J D,Jason Raley,3.759535,2.4,2669,30,2009,2017,8,23,2646,4.4,ED,INT,,,,,
VAN DER VEEN,Jatila van der Veen,3.321297,3.5,1249,29,2010,2020,10,83,1166,1.7,ASTRO,INT,PHYS,,,,
BIRCHENALL J,Javier Birchenall,2.836573,3.7,9302,109,2009,2024,15,0,9302,2.4,ECON,,,,,,
READ DE ALANI,Javier Read de Alaniz,3.056639,3.9,3005,22,2010,2024,14,1,3004,4.7,CHEM,,,,,,
SCHULTZ J M,Jean Schultz,3.204415,3,2378,21,2010,2023,13,0,2378,3.6,FR,,,,,,
DELOMBARD J M,Jeannine Delombard,2.701127,4.6,1153,21,2015,2024,9,0,1153,2.4,ENGL,RG,,,,,
MOEHLIS J M,Jeff Moehlis,3.273347,2.4,2994,25,2009,2024,15,31,2963,4.3,CMPSC,CMPSCW,ECE,ENGR,ME,PHYS,
HANSON J L,Jeffrey Hanson,3.491052,3,5845,45,2009,2024,15,293,5552,4.8,LING,WRIT,,,,,
HOELLE J A,Jeffrey Hoelle,3.206869,2.4,5066,72,2013,2024,11,35,5031,3.9,ANTH,ENV,INT,,,,
STOPPLE J,Jeffrey Stopple,3.395508,3.6,4074,80,2010,2023,13,1822,2252,3.1,INT,MATH,,,,,
MARTIN J A,Jen Martin,3.326256,2.9,9133,81,2014,2024,10,147,8986,3.6,ANTH,ENV,HIST,,,,
SORKIN JENNI,Jenni Sorkin,3.455371,3,2467,41,2013,2023,10,12,2455,2.8,ART,ARTHI,,,,,
HAMILTON J M,Jennifer Hamilton,3.069237,2.4,2503,25,2009,2015,6,338,2165,4.1,ES,ESS,,,,,
HOLT J,Jennifer Holt,2.951951,3.5,2537,48,2010,2024,14,9,2528,4.1,FAMST,FLMST,,,,,
HULME J L,Jennifer Hulme,2.652033,3.5,4476,48,2014,2024,10,48,4428,4,ECON,,,,,,
VANDERPOOL J,Jennifer Vanderpool,3.654313,2.7,1136,29,2010,2024,14,8,1128,2.7,ART,ARTST,,,,,
DOUGLASS J H,Jeremy Douglass,3.353361,2.6,1934,26,2012,2024,12,0,1934,3.4,ENGL,INT,,,,,
WHITE J S,Jeremy White,3.346728,3,4370,54,2009,2024,15,1,4369,3.7,ART,ARTHI,ARTST,,,,
CHEN S C,Jia-Ching Chen,3.483267,4.3,2767,32,2009,2024,15,0,2767,1.4,CHIN,,,,,,
SU J,Jianwen Su,3.174602,3.8,1319,30,2010,2024,14,31,1288,2,CMPSC,INT,,,,,
PAN J,Jiayin Pan,3.037413,3.4,1438,42,2018,2021,3,0,1438,3.6,MATH,,,,,,
ROMEO J A,Jim Romeo,2.947686,2.7,1923,22,2009,2014,5,0,1923,4.4,ESS,,,,,,
SHEA J,Joan Shea,3.174413,3.2,766,35,2010,2024,14,14,752,3.6,CHEM,PHYS,,,,,
HOLLAND J,Jocelyn Holland,3.486256,2.3,1397,26,2009,2017,8,0,1397,3.6,C,GER,,,,,
ENDERS J,Jody Enders,3.157579,3.3,1082,44,2010,2024,14,7,1075,2.9,C,ENGL,FR,INT,THTR,WRIT,
ROTHMAN J H,Joel Rothman,2.940885,3.3,2688,24,2009,2024,15,8,2680,4.3,BMSE,MCDB,,,,,
COTTLE J,John Cottle,3.183737,2.8,1322,22,2010,2024,14,126,1196,4.3,EARTH,GEOL,,,,,
FORAN J F,John Foran,3.822767,2.2,4300,45,2010,2023,13,231,4069,4.6,ENV,INT,SOC,,,,
GREATHOUSE J,John Greathouse,3.500442,2.9,10414,134,2010,2023,13,7358,3056,4.8,ENGR,TMP,,,,,
HARTMAN J L,John Hartman,2.784882,3.8,14559,150,2010,2024,14,143,14416,2.4,ECON,INT,PSTAT,,,,
HELMS J A,John Helms,2.630389,3.4,1234,31,2012,2015,3,0,1234,3.8,MATH,,,,,,
HSU S J,John Hsu,3.230162,3.1,2785,43,2010,2023,13,95,2690,3.3,PSTAT,,,,,,
LATTO J G,John Latto,3.282498,2.1,15958,102,2009,2024,15,1048,14910,4.8,BIOL,EEMB,INT,,,,
LEW G J,John Lew,3.060642,3.5,3956,33,2009,2024,15,106,3850,3.8,BMSE,INT,MCDB,,,,
MAJEWSKI J D,John Majewski,3.096979,2.6,2615,72,2010,2024,14,19,2596,4.7,HIST,INT,,,,,
MOHR J,John Mohr,3.470338,1.5,1507,35,2009,2018,9,49,1458,3.9,CMPSC,INT,SOC,,,,
TOOBY J,John Tooby,3.239008,2.6,2279,52,2009,2023,14,0,2279,3.1,ANTH,,,,,,
WOOLLEY J T,John Woolley,2.871927,3.3,1749,36,2011,2019,8,0,1749,2.8,POL,,,,,,
MCCAMMOND J P,Jon McCammond,3.300477,2.4,1259,30,2010,2024,14,84,1175,4.5,MATH,,,,,,
SNYDER J R,Jon Snyder,3.050055,3.4,905,31,2010,2019,9,0,905,4.2,C,ITAL,RG,,,,
SONSTELIE J,Jon Sonstelie,2.518766,3.6,8185,168,2009,2016,7,29,8156,3.4,ECON,INT,,,,,
BALKIND J M,Jonathan Balkind,3.640537,3.3,745,24,2021,2024,3,36,709,3.5,CMPSC,CMPTGCS,INT,,,,
SCHOOLER J W,Jonathan Schooler,2.836177,3.3,6540,57,2009,2024,15,53,6487,3.5,PSY,,,,,,
SCHETTLER J C,Jordan Schettler,3.29134,1.9,843,21,2012,2015,3,0,843,4.8,MATH,,,,,,
BLANKHOLM J L,Joseph Blankholm,3.312397,3.2,1339,45,2016,2024,8,0,1339,4.5,RG,,,,,,
CAMPO J E,Juan Campo,3.138004,3.2,1513,41,2010,2024,14,328,1185,3.3,INT,MES,RG,,,,
AKUDINOBI J,Jude Akudinobi,3.431292,2.3,5634,83,2009,2024,15,0,5634,3.3,BL,C,,,,,
DALE J E,Judith Dale,3.172145,1.9,1217,27,2009,2011,2,0,1217,4,ESS,,,,,,
MORSE J C,Julia Morse,3.063946,3.2,1115,22,2019,2024,5,0,1115,4.2,POL,,,,,,
SWENSON J S,Julie Swenson,2.814791,3.1,10628,85,2014,2024,10,163,10465,4.3,PSTAT,,,,,,
KELZ J M,Justin Kelz,3.14482,3.6,2577,56,2017,2019,2,0,2577,3.3,MATH,,,,,,
RUSSAK J A,Justin Russak,2.775389,3.3,5725,76,2010,2013,3,0,5725,3,CHEM,,,,,,
KRISTIANSEN K,Kai Kristiansen,3.320572,3.2,1609,25,2019,2022,3,334,1275,3.1,PHYS,,,,,,
KAHN K,Kalju Kahn,2.454974,4.6,1950,102,2009,2024,15,1,1949,3.1,CHEM,MCDB,,,,,
CASTEELS K L,Karel Casteels,3.18166,2.8,3495,42,2010,2024,14,520,2975,4.3,MATH,,,,,,
MYERS K K,Karen Myers,3.152606,2.4,3530,30,2009,2024,15,44,3486,4.4,COMM,INT,,,,,
SZUMLINSKI K,Karen Szumlinski,3.166942,3.7,3996,78,2010,2024,14,18,3978,4.5,MCDB,PSY,,,,,
MAYS K C,Kasie Mays,3.413433,3.1,603,25,2020,2022,2,0,603,2.7,PSY,,,,,,
FORD K C,Katerina Ford,2.877511,3.9,1374,46,2019,2024,5,0,1374,1.9,ED,PSY,,,,,
SHATSKIKH E,Katherine Shatskikh,2.66269,4,2171,53,2013,2020,7,0,2171,1.8,PSTAT,,,,,,
BRUHN K,Kathleen Bruhn,2.969695,3.2,3478,87,2009,2024,15,0,3478,3.4,INT,POL,,,,,
FOLTZ K R,Kathy Foltz,3.601458,3.4,4595,46,2009,2022,13,163,4432,5,BIOL,INT,MCDB,,,,
MARSHALL K,Kathy Marshall,3.165292,3.5,3129,47,2018,2022,4,0,3129,2.5,ECON,,,,,,
PATTERSON K A,Kathy Patterson,3.157699,2.7,2156,23,2010,2023,13,52,2104,4,INT,WRIT,,,,,
MCCLAIN K L,Katia McClain,3.669917,1.8,2646,32,2009,2023,14,0,2646,4.3,C,RUSS,SLAV,,,,
BAILLARGEON K,Katie Baillargeon,3.624482,2.2,3378,51,2010,2024,14,64,3314,4.7,INT,MUS,WRIT,,,,
COBURN K M,Katie Coburn,3.635452,2.8,2753,37,2021,2024,3,0,2753,3.4,PSTAT,,,,,,
YOUNG K,Kay Young,3.412416,3.7,1635,28,2009,2021,12,0,1635,4.3,ENGL,,,,,,
CLARKE K,Keith Clarke,3.180719,2.6,2199,33,2009,2021,12,27,2172,3.5,GEOG,,,,,,
BEDARD K L,Kelly Bedard,2.925888,3.7,7969,100,2010,2024,14,17,7952,3,ECON,,,,,,
THOMASSON K M,Kelly Thomasson,3.39847,3.7,4183,80,2015,2024,9,0,4183,2.3,EEMB,ENV,,,,,
GOODEARL K,Ken Goodearl,2.884879,2.6,3128,74,2009,2024,15,0,3128,3.8,MATH,,,,,,
MILLETT K C,Ken Millett,2.707306,3.5,2272,46,2009,2020,11,0,2272,2.8,INT,MATH,,,,,
HASSEMER K S,Kendall Hassemer,3.400517,2.3,2904,24,2014,2016,2,0,2904,3.8,ESS,,,,,,
HILTNER K C,Kenneth (Ken) Hiltner,3.202946,2.8,14904,296,2010,2024,14,114,14790,3.8,ENGL,ENV,INT,,,,
ANDERSON KE B,Kevin Anderson,3.216874,2.9,2649,21,2010,2023,13,0,2649,3.6,SOC,,,,,,
BURK K T,Kevin Burk,3.363453,4.5,695,63,2020,2024,4,0,695,3,CMPSC,,,,,,
FALVEY K T,Kevin Falvey,2.67799,3.3,1881,62,2009,2024,15,0,1881,2.9,PHIL,,,,,,
PLAXCO K W,Kevin Plaxco,3.023849,3.5,1216,21,2009,2023,14,0,1216,4.3,BIOE,BMSE,CHEM,ENGR,MCDB,,
WHITEHEAD K A,Kevin Whitehead,3.507446,3.1,1061,28,2018,2023,5,23,1038,4.2,INT,SOC,,,,,
FULBECK L K,Kip Fulbeck,3.492425,3,2891,50,2010,2024,14,652,2239,4,ART,ARTST,INT,,,,
BHAVNANI K,Kum Kum Bhavnani,3.57435,2.3,1115,31,2011,2024,13,0,1115,4.6,GLOBL,SOC,,,,,
CHAPMAN K L,Kyle Chapman,2.668927,3.7,1519,47,2012,2016,4,0,1519,2.2,MATH,,,,,,
RATNER K G,Kyle Ratner,3.337418,2.2,1991,24,2015,2024,9,11,1980,4.5,PSY,,,,,,
JANSMA L L,Laura Jansma,3.272316,2.9,4396,60,2009,2016,7,0,4396,3.8,COMM,,,,,,
KALMAN L,Laura Kalman,3.324056,2.8,7154,107,2009,2022,13,0,7154,4.5,HIST,,,,,,
MARQUES-PASCU,Laura Marques-Pascual,2.944164,3.9,13751,24,2009,2024,15,0,13751,3.1,PORT,SPAN,,,,,
FREEMAN L A,Laurie Freeman,3.410898,2.8,2505,36,2012,2024,12,0,2505,2.3,POL,,,,,,
MONAHAN L,Laurie Monahan,3.065977,3.3,3480,88,2010,2021,11,0,3480,3.1,ARTHI,,,,,,
OAKS L M,Laury Oaks,3.307494,3,1935,40,2010,2023,13,41,1894,4.4,FEMST,INT,,,,,
COSMIDES L,Leda Cosmides,3.093671,2.8,3160,38,2009,2024,15,80,3080,3.5,PSY,,,,,,
KRYDER E A,Leeann Kryder,3.699033,2.1,1965,28,2010,2021,11,242,1723,4.3,ENV,INT,WRIT,,,,
RUPP L J,Leila Rupp,3.240023,2.5,1719,26,2010,2020,10,17,1702,4.1,FEMST,,,,,,
CABRANES-GRAN,Leo Cabranes-Grant,3.66634,2.5,1123,27,2010,2024,14,33,1090,3.7,C,INT,SPAN,THTR,,,
LAVERMAN L E,Leroy Laverman,3.067196,3.2,4975,54,2009,2024,15,656,4319,4.1,CHEM,INT,,,,,
HAMMER L M,Leslie Hammer,3.33021,3,2049,38,2010,2024,14,0,2049,4.4,WRIT,,,,,,
CHAI L,Lihui Chai,2.731227,3.9,1361,25,2014,2018,4,0,1361,2.2,MATH,,,,,,
ZHANG LIMING,Liming Zhang,2.747285,4.2,1013,26,2011,2024,13,0,1013,2,CHEM,,,,,,
HOBBS-MORGAN,Lindsay Hobbs,2.975095,1.6,1586,169,2019,2024,5,0,1586,4.6,POL,,,,,,
BARRAGE L,Lint Barrage,2.901053,4.5,1140,76,2021,2022,1,0,1140,2.1,ECON,,,,,,
SEPUNARU L,Lior Sepunaru,3.029426,4,853,62,2018,2024,6,0,853,4.4,BMSE,CHEM,,,,,
HAJJAR L,Lisa Hajjar,3.589265,2.3,4760,68,2010,2024,14,23,4737,4.5,INT,SOC,,,,,
JACOBSON L,Lisa Jacobson,3.17136,3.2,2500,43,2010,2024,14,0,2500,4.2,HIST,,,,,,
MAASS L E,Lisa Maass,2.901581,2.3,4492,61,2009,2018,9,0,4492,4.5,ECON,,,,,,
COKLIN L,Ljiljana Coklin,3.445683,3.1,2791,38,2009,2024,15,77,2714,3.8,INT,WRIT,,,,,
MOOSBRUGGER L,Lorelei Moosbrugger,3.12875,3.3,1760,42,2010,2023,13,0,1760,4.3,ENV,POL,,,,,
ROBERTS L S,Luke Roberts,3.26373,2.4,4086,63,2009,2024,15,34,4052,4.1,HIST,INT,JAPAN,,,,
THEOGARAJAN L,Luke Theogarajan,3.025284,2.7,2203,49,2010,2024,14,202,2001,4.1,BIOL,ECE,,,,,
CAMPO M,Magda Campo,3.227021,2.9,1917,30,2009,2024,15,0,1917,4.4,RG,,,,,,
KUNDU M,Manny Kundu,2.746145,2.9,1660,24,2010,2021,11,0,1660,3,ANTH,ENV,,,,,
BECKER M,Marc Becker,3.012092,3.7,918,42,2022,2023,1,0,918,2.9,MATH,,,,,,
KAPICKA M,Marek Kapicka,2.998566,3.7,1046,31,2010,2016,6,0,1046,2.5,ECON,,,,,,
NASH M B,Marguerite Nash,2.994739,3.2,2338,53,2010,2016,6,0,2338,3.2,GLOBL,GPS,POL,,,,
CRICKETTE M E,Maria Crickette,3.273594,2.4,1920,25,2011,2024,13,0,1920,4.7,ITAL,,,,,,
BUENO CACHADI,Maribel Bueno,3.284667,3.3,2511,54,2009,2024,15,996,1515,3.5,INT,MATH,,,,,
WEBB M T,Marie Webb,3.463467,4.5,646,25,2019,2024,5,77,569,2.3,LING,,,,,,
GARCIA-CERVER,Mario Garcia,2.894596,2.3,2313,82,2009,2024,15,25,2288,3.8,MATH,,,,,,
LABATUT M A,Marion Labatut,3.360497,2.6,1529,22,2011,2024,13,0,1529,5,FR,,,,,,
KRUVAND M,Marjorie Kruvand,3.452326,3.5,602,21,2018,2021,3,0,602,2.1,WRIT,,,,,,
MASLAN M J,Mark Maslan,3.158289,3.2,2618,51,2009,2024,15,0,2618,3.4,ENGL,,,,,,
MEADOW M A,Mark Meadow,3.287903,2.9,2546,34,2010,2024,14,0,2546,3.9,ARTHI,INT,,,,,
ORLANDO M D,Mark Orlando,3.447298,2.5,5218,49,2014,2024,10,0,5218,4.4,ESS,INT,,,,,
RODWELL M J,Mark Rodwell,2.88995,3.5,1602,25,2009,2024,15,0,1602,2.6,ECE,,,,,,
STEVENSON-MIC,Mark Stevenson,3.84743,4.2,681,302,2018,2024,6,0,681,2.1,EDS,ESM,,,,,
SCHARLEMANN M,Martin Scharlemann,2.780156,3.9,1280,85,2009,2018,9,16,1264,2.9,MATH,,,,,,
BUCHOLTZ M H,Mary Bucholtz,3.58074,1.8,2648,23,2009,2024,15,31,2617,4.6,CH,ED,INT,LING,,,
FURNER M O,Mary Furner,2.734626,3.3,696,32,2010,2017,7,0,696,3.1,HIST,,,,,,
HEGARTY M,Mary Hegarty,3.16862,3.1,2116,38,2010,2024,14,54,2062,3,INT,PSY,,,,,
BERNSTEIN M M,Mashey Bernstein,3.158123,3.9,1151,58,2010,2023,13,0,1151,3.8,FAMST,FLMST,RG,WRIT,,,
PORTER M J,Matt Porter,3.564632,2.5,7289,277,2013,2024,11,303,6986,4.4,INT,MATH,,,,,
RIOUX M E,Matt Rioux,3.010129,3,2093,31,2013,2024,11,0,2093,4.5,EARTH,,,,,,
WHITTLE M D,Matt Whittle,2.946292,2.1,2953,32,2010,2018,8,0,2953,4.7,ANTH,SOC,,,,,
CREMERS M H,Matthea Cremers,3.405237,2.4,1394,63,2009,2024,15,0,1394,3,ANTH,ENV,SOC,,,,
BUONI M J,Matthew Buoni,3.146789,2.7,2024,38,2011,2016,5,0,2024,4.5,CMPSC,MATH,ME,,,,
HANSER M F,Matthew Hanser,2.831842,3.2,2324,36,2009,2024,15,95,2229,4,INT,PHIL,,,,,
MACGILLIVRAY,Maureen MacGillivray,3.614035,2.7,798,108,2019,2020,1,0,798,3.8,FEMST,,,,,,
BOSCAGLI M,Maurizia Boscagli,3.47075,3.2,3747,58,2010,2024,14,287,3460,3.4,C,ENGL,INT,W&L,,,
MANALIS M S,Melvyn Manalis,2.831786,2.9,3231,29,2010,2017,7,0,3231,3.7,ENV,,,,,,
ANYIKA M,Mercy Anyika,2.557734,4,3407,68,2021,2024,3,0,3407,3.2,CHEM,,,,,,
CHIKOWERO M,Mhoze Chikowero,3.266305,2.9,1567,27,2010,2024,14,0,1567,3.2,BL,HIST,INT,,,,
GURVEN M D,Michael Gurven,2.885185,3.9,999,23,2010,2024,14,0,999,3.3,ANTH,,,,,,
JOCHIM M A,Michael Jochim,2.872606,2.8,752,23,2009,2017,8,0,752,4.3,ANTH,,,,,,
NAVA M M,Michael Nava,2.812207,3.2,4391,70,2013,2019,6,0,4391,2.3,PSTAT,,,,,,
RESCORLA M A,Michael Rescorla,2.479779,3.3,816,59,2009,2016,7,0,816,3.5,PHIL,,,,,,
STOHL M S,Michael Stohl,3.308954,3.3,1530,28,2010,2024,14,0,1530,2.6,COMM,,,,,,
BROWN M,Michelle Brown,2.96709,4.4,1024,26,2015,2023,8,11,1013,2.5,ANTH,INT,,,,,
DELGADO HELLE,Miguel Delgado Helleseter,2.645908,4.4,2627,54,2013,2023,10,0,2627,2.1,ECON,,,,,,
ECKSTEIN M P,Miguel Eckstein,3.377169,3,2720,32,2009,2024,15,299,2421,4.1,PSY,,,,,,
PUTINAR M,Mihai Putinar,3.101521,4,2433,82,2009,2024,15,107,2326,2,MATH,,,,,,
BOWERS M T,Mike Bowers,2.99134,4.4,2425,32,2010,2024,14,0,2425,1.6,CHEM,,,,,,
COSTANZO C,Mike Costanzo,3.270821,2.5,4068,79,2010,2018,8,0,4068,3.7,CMPSC,,,,,,
JOINER M B,Mike Joiner,3.112331,1.8,1038,23,2010,2014,4,0,1038,4.8,MUS,WRIT,,,,,
WILTON M B,Mike Wilton,3.266394,3.4,10013,55,2015,2024,9,2518,7495,5,INT,MCDB,,,,,
METZGER M J,Miriam Metzger,2.588123,3.5,2989,65,2010,2024,14,0,2989,3.5,COMM,INT,,,,,
EL-SOUSSI M,Moh El Soussi,3.371833,2.6,671,25,2011,2018,7,0,671,3.3,PHYS,,,,,,
MADISON O F,Monica Orozco,2.894356,3.5,1630,32,2010,2015,5,0,1630,2.5,BL,,,,,,
MORGAN M L,Morgan Gainer,3.758097,4.1,1408,137,2010,2022,12,346,1062,3.4,CNCSP,INT,,,,,
MORGAN M,Morgan Gainer,3.59673,4.1,1315,137,2009,2024,15,0,1315,3.4,INT,THTR,,,,,
GAINER M J,Morgan Gainer,2.942848,4.1,21226,137,2013,2024,11,323,20903,3.4,CHEM,INT,,,,,
RAVEN M R,Morgan Raven,3.311277,3.8,1339,29,2019,2024,5,0,1339,3.1,EARTH,,,,,,
MYUNG JIYOUN,Myung Jiyoun,2.591029,4,1360,41,2017,2020,3,0,1360,2.8,PSTAT,,,,,,
CLITANDRE N T,Nadege Clitandre,3.171947,3.6,2260,22,2011,2024,13,0,2260,2.2,GLOBL,,,,,,
COLLINS N L,Nancy Collins,3.415954,2.3,1730,35,2010,2024,14,82,1648,4.8,PSY,,,,,,
SALMON N U,Nathan Salmon,2.360048,3.4,1254,32,2010,2024,14,0,1254,3.1,PHIL,,,,,,
SCHLEY N B,Nathan Schley,3.286263,3.3,3152,102,2015,2024,9,247,2905,2.5,MATH,,,,,,
SVADLENAK N D,Nathan Svadlenak,2.765949,4.1,1671,53,2018,2024,6,77,1594,2.2,CHEM,,,,,,
NARANG N,Neil Narang,3.250962,3,1768,50,2013,2024,11,0,1768,4.8,POL,,,,,,
SCHNEIDER N J,Nick Schneider,3.197947,2.8,3897,31,2010,2023,13,0,3897,3.8,ECON,,,,,,
TINGLE W N,Nick Tingle,3.34314,2,605,26,2010,2013,3,0,605,4.5,WRIT,,,,,,
JURKOWSKI N W,Nicolas Jurkowski,3.430923,2.1,3913,23,2011,2024,13,0,3913,4.1,MUS,,,,,,
ALBADA N A,Nicole Albada,3.457738,3,3625,47,2018,2024,6,72,3553,4.7,INT,PSY,,,,,
WARWICK N L,Nicole Warwick,3.504568,2.1,2868,29,2013,2024,11,0,2868,4.8,WRIT,,,,,,
BENNAHUM D,Ninotchka Bennahum,3.171833,3.2,3813,45,2010,2024,14,0,3813,2.1,DANCE,DANCEW,THTR,,,,
FRIEDKIN N E,Noah Friedkin,3.330506,2.2,1226,25,2010,2021,11,0,1226,2.9,SOC,,,,,,
DUNBAR N E,Norah Dunbar,3.464499,2.7,2907,22,2015,2024,9,63,2844,4,COMM,INT,,,,,
REICH N O,Norbert Reich,3.223347,4.1,2133,25,2010,2024,14,391,1742,2.5,BMSE,CHEM,INT,,,,
KHOURY N N,Nuha Khoury,2.7867,3.6,1594,54,2010,2024,14,25,1569,1.9,ARTHI,INT,,,,,
WALLING O W,Olivia Walling,3.12,4.3,1685,33,2009,2019,10,0,1685,2.2,ENGR,WRIT,,,,,
DESCHENES O,Olivier Deschenes,2.861056,3.4,2840,38,2010,2024,14,0,2840,4.1,ECON,EDS,ESM,,,,
BLAES O M,Omer Blaes,3.171384,3.5,1279,34,2011,2024,13,8,1271,4.6,PHYS,,,,,,
EGECIOGLU O,Omer Egecioglu,2.990201,3.9,1643,40,2010,2020,10,105,1538,2.5,CMPSC,CMPSCCS,CMPTGCS,INT,,,
DIGESER P,Paige Digeser,2.780739,3.9,2653,68,2010,2022,12,29,2624,3.8,INT,POL,,,,,
COHEN P C,Patricia Cohen,2.947126,3.4,1131,21,2009,2015,6,0,1131,3.4,FEMST,HIST,,,,,
FUMERTON M P,Patricia Fumerton,3.151502,3,1398,30,2010,2023,13,0,1398,3.9,ENGL,,,,,,
MCCRAY W P,Patrick McCray,3.30432,3.4,1412,43,2010,2024,14,0,1412,4.6,HIST,,,,,,
MCHUGH P,Patrick McHugh,3.693346,2.2,3186,29,2009,2024,15,195,2991,4.6,INT,WRIT,,,,,
AMAR P E,Paul Amar,3.374402,3,2465,40,2011,2023,12,0,2465,3.8,C,GLOBL,INT,,,,
ATZBERGER P J,Paul Atzberger,3.509707,2.7,3688,54,2010,2024,14,49,3639,2.6,INT,MATH,ME,,,,
SONNINO P M,Paul Sonnino,2.690669,3.4,1436,101,2009,2022,13,0,1436,2.8,HIST,INT,,,,,
SPICKARD P R,Paul Spickard,3.212191,3,5701,97,2010,2024,14,274,5427,3.9,AS,HIST,INT,,,,
WACK P W,Paul Wack,3.374919,2.2,2472,26,2010,2019,9,15,2457,4.3,ENV,,,,,,
BRUICE P Y,Paula Bruice,2.455664,3.9,11282,221,2010,2019,9,0,11282,2.9,CHEM,,,,,,
POPESCU P F,Paula Popescu,3.572207,2.9,24708,32,2017,2024,7,0,24708,3.8,PHYS,,,,,,
LIEN P,Pei-Te Lien,2.840556,3,2912,30,2011,2024,13,32,2880,2.6,AS,INT,POL,,,,
ADLER-KASSNER,Peter Adler,3.816129,2.6,961,239,2010,2021,11,459,502,4.8,ED,INT,WRIT,,,,
ALAGONA P S,Peter Alagona,3.522765,2.5,6097,107,2010,2023,13,149,5948,4.6,ENV,HIST,INT,,,,
BLOOM P J,Peter Bloom,3.097878,3.8,1178,25,2010,2024,14,0,1178,2.9,FAMST,FLMST,INT,,,,
GARFIELD P M,Peter Garfield,3.325235,2.9,9269,191,2016,2024,8,0,9269,3.8,MATH,,,,,,
HUK P M,Peter Huk,3.684384,1.6,3330,40,2009,2024,15,32,3298,4.5,INT,WRIT,,,,,
RUPERT P,Peter Rupert,2.609219,3.7,8049,95,2010,2024,14,0,8049,2.8,ECON,,,,,,
STURMAN P C,Peter Sturman,3.306923,3.1,1921,35,2010,2024,14,0,1921,3.5,ARTHI,CHIN,,,,,
VAN KOPPEN P,Petra Van Koppen,2.997028,3.3,51621,248,2009,2022,13,713,50908,4.1,CHEM,,,,,,
BABCOCK P S,Philip Babcock,2.527476,3.5,2777,41,2009,2012,3,0,2777,4.1,ECON,,,,,,
LUBIN P,Philip Lubin,3.268685,2.9,4691,53,2009,2024,15,80,4611,2.5,ASTRO,INT,ME,PHYS,,,
MCCARTY P C,Philip McCarty,3.605788,1.7,6634,47,2010,2017,7,0,6634,4.3,GLOBL,,,,,,
CONRAD P T,Phill Conrad,3.678315,2,4782,70,2010,2024,14,583,4199,4.6,CMPSC,CMPSCCS,CMPSCW,CMPTGCS,INT,,
GEE Q P,Quentin Gee,3.063365,2.4,4695,24,2010,2019,9,418,4277,4.3,ENV,ESM,GEOG,PHIL,,,
FELDMAN R,Raisa Feldman,3.319113,3.1,2051,29,2010,2023,13,215,1836,2.9,PSTAT,PSTATW,,,,,
GALLUCCI R,Ralph Gallucci,3.630861,1.9,18512,243,2009,2024,15,71,18441,4.1,CLASS,GREEK,INT,,,,
BROWNING R,Randalyn Browning,3.43848,2.8,4579,30,2009,2020,11,0,4579,4.3,WRIT,,,,,,
BERGSTROM R E,Randy Bergstrom,3.165875,3.1,3244,97,2010,2024,14,9,3235,3.9,HIST,,,,,,
CORPUZ R,Randy Corpuz,3.598402,2.7,876,39,2013,2016,3,0,876,4.6,PSY,,,,,,
RIGHTMIRE S R,Randy Rightmire,3.590784,3.2,1454,29,2009,2024,15,383,1071,2.7,LING,WRIT,,,,,
CLEMENCON R,Raymond Clemencon,3.130164,3.2,3345,35,2009,2024,15,0,3345,3.6,ESM,GLOBL,POL,SOC,,,
WEBER R,Rene Weber,3.025384,2.8,4298,46,2009,2024,15,5,4293,3.5,COMM,PSY,,,,,
POWELL R C,Rich Powell,3.196144,2.1,2671,36,2009,2014,5,306,2365,4.5,ES,ESS,,,,,
WATSON R B,Rich Watson,2.452304,3.9,4709,99,2009,2016,7,0,4709,3.2,ECON,,,,,,
APPELBAUM R,Richard Appelbaum,2.870159,3,2396,56,2009,2019,10,0,2396,4.1,GLOBL,SOC,,,,,
HECHT R,Richard Hecht,3.144604,2.8,5365,102,2010,2023,13,12,5353,3.5,C,INT,RG,,,,
MAYER R E,Richard Mayer,3.344391,2.5,3744,39,2009,2024,15,68,3676,3.7,PSY,,,,,,
WITTMAN R K,Richard Wittman,3.012869,3.5,2137,48,2011,2024,13,0,2137,3.5,ARTHI,INT,,,,,
WANG R K,Richert Wang,3.209203,3.2,3010,55,2017,2024,7,263,2747,4.5,ART,CMPSC,CMPSCW,CMPTGCS,W&L,,
STOODY R L,Rick Stoody,2.964986,2.4,1448,22,2012,2016,4,0,1448,4.8,PHIL,,,,,,
RALEY R M,Rita Raley,3.203624,3.3,2125,44,2009,2024,15,0,2125,4.1,ENGL,,,,,,
ANTONUCCI R R,Robert Antonucci,2.592295,3.2,3154,101,2012,2023,11,0,3154,2.9,ASTRO,PHYS,,,,,
DEACON R T,Robert Deacon,3.149705,2.7,678,36,2010,2014,4,0,678,3.5,ECON,ENV,,,,,
GELLER R M,Robert Geller,3.171199,3.3,32270,247,2010,2024,14,35,32235,3.5,ASTRO,ASTROW,PHYS,,,,
KRUT R M,Robert Krut,3.741498,2.2,2858,74,2009,2024,15,231,2627,4.8,LIT,W&L,WRIT,,,,
KOEGEL R L,Robert L. Koegel,3.756645,2.2,1550,25,2009,2017,8,29,1521,4.3,CNCSP,ED,,,,,
LEWIS R B,Robert Lewis,2.801127,3.9,10650,101,2016,2024,8,0,10650,4.5,CHEM,,,,,,
MORSTEIN-MARX,Robert Morstein-Marx,2.964664,2.2,1548,25,2010,2024,14,17,1531,4.6,CLASS,GREEK,INT,LATIN,,,
SAMUELS R D,Robert Samuels,3.424231,2.6,2047,21,2010,2024,14,137,1910,3.5,INT,WRIT,,,,,
STRONGMAN R D,Roberto Strongman,3.248875,3.4,3865,52,2009,2024,15,24,3841,3,BL,C,INT,RG,,,
NABI R L,Robin Nabi,2.775974,4,3646,52,2010,2024,14,0,3646,3.6,COMM,,,,,,
GARRATT R J,Rod Garratt,2.860505,2.9,3284,52,2011,2022,11,0,3284,4.3,ECON,,,,,,
FREEDMAN R A,Roger Freedman,2.965885,4.2,8140,195,2011,2021,10,0,8140,2.5,PHYS,,,,,,
CHRISTOFFERSE,Rolf Christoffersen,2.887161,3.6,19745,92,2009,2024,15,459,19286,3.1,BMSE,INT,MCDB,,,,
RICE R E,Ronald Rice,3.414994,3,1614,21,2009,2024,15,3,1611,4.5,COMM,,,,,,
VALLIS D L,Roy Vallis,3.73852,1.7,784,43,2009,2014,5,0,784,4.7,WRIT,,,,,,
BUSTO R V,Rudy Busto,3.294963,2.2,3693,43,2009,2024,15,14,3679,4.4,AS,RG,W&L,,,,
REVLIN R,Russell Revlin,2.837735,3.1,3461,203,2009,2018,9,208,3253,3.7,INT,PSY,,,,,
FINKELSTEIN R,Ruth Finkelstein,2.936146,4.4,13382,104,2010,2024,14,20,13362,2,MCDB,,,,,,
OPREA R D,Ryan Oprea,2.760439,3.5,5101,48,2014,2024,10,0,5101,4.3,ECON,,,,,,
MOUTI S,Saad Mouti,2.730051,4.4,1188,70,2021,2024,3,30,1158,2.4,PSTAT,PSTATW,,,,,
THOMAS S F,Sabina Thomas,2.794555,2.4,2663,40,2012,2017,5,0,2663,4.1,EARTH,EARTHW,,,,,
FRUHSTUCK S,Sabine Fruhstuck,3.230987,2.8,3779,23,2010,2023,13,29,3750,3.6,ANTH,EACS,HIST,INT,JAPAN,,
SWEET S S,Sam Sweet,2.988454,3.5,2044,31,2009,2024,15,49,1995,4.3,EARTH,EEMB,ENV,GEOL,,,
SCUDDER S L,Samantha Scudder,3.458457,2.8,2359,43,2019,2024,5,15,2344,4.6,PSY,,,,,,
PANDYA S P,Sameer Pandya,3.25503,2.5,8121,46,2010,2024,14,0,8121,4.5,AS,,,,,,
OH S P,Sang-Yun Oh,3.142727,3.9,660,26,2010,2024,14,0,660,2.3,PHYS,,,,,,
KUMAR S L,Sanjay Kumar,3.499515,2.4,1237,32,2021,2024,3,0,1237,4.7,MATH,,,,,,
LINDHEIM S H,Sara Lindheim,3.344444,2.9,837,30,2009,2024,15,0,837,4.1,CLASS,GREEK,LATIN,,,,
POOT-HERRERA,Sara Poot-Herrera,3.687071,3,1369,33,2009,2024,15,0,1369,3.1,SPAN,,,,,,
CASE S H,Sarah Case,2.788677,3.1,1572,39,2012,2023,11,0,1572,3.5,FEMST,HIST,,,,,
CLINE S L,Sarah Cline,3.068837,3.1,937,21,2009,2017,8,0,937,3.7,HIST,LAIS,,,,,
HIRSCH S A,Sarah Hirsch,3.697264,2.2,2193,23,2012,2024,12,27,2166,4.9,ENGL,INT,WRIT,,,,
MCCLURE S B,Sarah McClure,3.411266,2.5,1509,21,2019,2024,5,0,1509,4.8,ANTH,,,,,,
GURUSWAMY S,Sathya Guruswamy,3.228312,3.6,6446,45,2010,2024,14,790,5656,2.9,ECE,ME,PHYS,,,,
SINGH SATYAJ,Satyajit Singh,3.264536,3.2,1142,23,2020,2024,4,0,1142,4,GLOBL,POL,,,,,
FULKERSON S D,Scott Fulkerson,3.01655,4,4707,62,2017,2024,7,285,4422,4.3,ECON,,,,,,
HODGES S A,Scott Hodges,2.841395,3.1,10639,33,2010,2024,14,24,10615,3.7,BIOL,EEMB,MCDB,,,,
MARCUS S L,Scott Marcus,3.482986,1.7,2445,46,2009,2024,15,393,2052,3.4,INT,MUS,,,,,
PRICE S P,Scott Price,2.553756,3.4,23525,364,2012,2024,12,43,23482,4.6,CHEM,INT,,,,,
REID S A,Scott Reid,3.177361,3.5,2509,52,2010,2024,14,3,2506,3.6,COMM,,,,,,
LOW S H,Seng Low,2.502435,4.2,21194,217,2009,2024,15,18,21176,2.5,MCDB,,,,,,
FARMER S A,Sharon Farmer,3.106885,3.3,610,32,2009,2019,10,0,610,2.5,FEMST,HIST,,,,,
SOLIS S W,Sharon Solis,3.30691,3.4,1563,23,2021,2024,3,0,1563,3,CMPSC,PSTAT,,,,,
SHAKERIAN S,Shaya Shakerian,3.303003,2.6,1465,30,2018,2021,3,0,1465,4.7,MATH,,,,,,
GABLE S,Shelly Gable,3.21985,2.6,6277,72,2009,2024,15,43,6234,4.4,PSY,,,,,,
SEIKALY S R,Sherene  Seikaly ,3.550243,3.6,1443,28,2015,2024,9,0,1443,4.4,HIST,,,,,,
LIM S,Shirley Lim,3.499381,2.7,646,27,2009,2020,11,61,585,3.8,ENGL,LIT,W&L,,,,
BERMUDEZ S,Silvia Bermudez,3.698679,2.9,2422,35,2010,2024,14,494,1928,3.9,C,INT,LAIS,SPAN,,,
FALASCA S,Simonetta Falasca,3.460701,2.9,1939,27,2010,2024,14,19,1920,3.7,INT,SOC,,,,,
HAN SONGI,Song-I Han,3.223966,4,1402,29,2011,2023,12,49,1353,2.4,BMSE,CH,CHEM,,,,
JAMMALAMADAKA,Sreenivasa Jammalamadaka,3.489236,2.4,2499,30,2010,2024,14,1,2498,4.4,PSTAT,,,,,,
AWRAMIK S M,Stanley Awramik,2.789288,3.6,2950,50,2010,2023,13,266,2684,3.7,EARTH,GEOL,INT,,,,
KLEIN S B,Stanley Klein,2.936884,2.6,9755,204,2009,2024,15,227,9528,4.3,INT,PSY,,,,,
TUTINO S,Stefania Tutino,2.872511,3.2,1346,43,2009,2014,5,0,1346,4.5,HIST,RG,,,,,
BATISTE S L,Stephanie Batiste,2.961086,3.8,1087,48,2009,2024,15,0,1087,2.7,BL,ENGL,,,,,
LEMENAGER S S,Stephanie Lemenager,3.402046,2.6,782,29,2009,2013,4,0,782,4.7,ENGL,ENV,,,,,
MORET S L,Stephanie Moret,3.443233,2.2,4714,43,2012,2024,12,170,4544,4.4,ENV,ESM,GEOG,,,,
BIGELOW S J,Stephen Bigelow,3.226064,2.5,4205,122,2009,2024,15,24,4181,3.4,MATH,,,,,,
ZYLSTRA S J,Stephen Zylstra,3.089025,2.9,2205,26,2015,2024,9,0,2205,4.2,PHIL,,,,,,
BURATTO S K,Steve Buratto,3.058144,3.2,3309,69,2009,2024,15,0,3309,4.1,CHEM,,,,,,
DU BOIS J W,Steve Du Bois,3.384615,2.6,832,30,2009,2023,14,0,832,4.4,LING,,,,,,
GAULIN S J,Steven Gaulin,2.550222,3.4,11704,314,2009,2024,15,27,11677,3.6,ANTH,INT,,,,,
FEINSTEIN S C,Stuart Feinstein,2.617808,3.1,15100,60,2009,2024,15,301,14799,4.4,BIOL,INT,MCDB,,,,
SWEENEY S H,Stuart Sweeney,3.032267,2.4,3564,49,2010,2024,14,29,3535,3.1,GEOG,,,,,,
SURI S,Subhash Suri,3.307658,2.7,1802,26,2009,2024,15,10,1792,4.6,CMPSC,CMPTGCS,,,,,
DERWIN S,Susan Derwin,3.504063,3.1,1403,39,2009,2023,14,123,1280,3.1,C,GER,INT,,,,
PORTER S M,Susannah Porter,2.863897,2.4,3526,49,2010,2024,14,148,3378,4.4,EARTH,EEMB,GEOL,,,,
OGBECHIE S O,Sylvester Ogbechie,3.247409,3,1949,40,2011,2024,13,0,1949,2.6,ARTHI,,,,,,
AFIFI T D,Tammy Afifi,3.436863,2.9,3456,35,2009,2024,15,151,3305,4.5,COMM,INT,,,,,
GERMAN T C M,Tamsin German,3.362438,2.1,13487,179,2010,2024,14,385,13102,4.5,INT,PSY,,,,,
TOBER T L,Tara Tober,3.438556,2.2,6108,90,2018,2024,6,73,6035,4.6,SOC,,,,,,
YOSSO T J,Tara Yosso,3.076346,3,1801,25,2010,2015,5,0,1801,2,CH,,,,,,
ANAGNOSON J T,Ted Anagnoson,2.872374,2.4,2161,22,2011,2015,4,0,2161,4.3,POL,,,,,,
BENNETT T D,Ted Bennett,2.814681,4.7,1771,24,2009,2024,15,0,1771,3.1,ME,,,,,,
BERGSTROM T C,Ted Bergstrom,2.862053,3.6,1062,59,2009,2024,15,0,1062,2,ECON,,,,,,
MACKER E A,Teddy Macker,3.796361,2.6,632,40,2009,2019,10,480,152,4.1,LIT,W&L,WRIT,,,,
BIBILASHVILI,Tengiz Bibilashvili,3.192719,3.3,8254,75,2012,2024,12,1316,6938,4.6,ECE,INT,ME,PHYS,,,
FIGUEROA T,Teresa Figueroa,3.276419,2.4,3507,43,2009,2017,8,0,3507,2.8,ANTH,CH,FEMST,LAIS,,,
ROBERTSON T,Teresa Robertson,2.563713,3.8,1072,31,2011,2024,13,0,1072,3.3,PHIL,,,,,,
SHEWRY T J,Teresa Shewry,3.62931,2.2,1740,26,2010,2024,14,0,1740,4.8,ENGL,,,,,,
BARRETT T W,Thomas Barrett,3.494929,2.2,2268,58,2018,2024,6,4,2264,4.9,MATH,PHIL,,,,,
EVEN T J,Thomas Even,2.791792,2.8,28885,178,2009,2024,15,72,28813,4.5,EEMB,INT,,,,,
HOLDEN T A,Thomas Holden,2.976421,3,2727,46,2010,2024,14,0,2727,4.5,PHIL,,,,,,
HOOKER T M,Thomas Hooker,2.670487,2.7,1623,188,2009,2010,1,0,1623,1.9,CHEM,,,,,,
HUGHES T,Thomas Hughes,2.834649,3.2,2205,34,2010,2015,5,0,2205,4.7,POL,,,,,,
NGUYEN T T,Thuc-Quyen Nguyen,3.38102,3.1,843,31,2010,2024,14,0,843,3.9,CHEM,INT,,,,,
DEVRIES T J,Timothy Devries,3.312028,2.2,1721,33,2015,2024,9,0,1721,4.6,GEOG,MARSC,,,,,
SHERWOOD T P,Timothy Sherwood,3.699636,2.5,1100,21,2009,2024,15,0,1100,4.8,CMPSC,ECE,,,,,
DE SIMONE T,Tiziana De Simone,3.281192,2.4,1930,26,2011,2024,13,0,1930,4.2,ITAL,,,,,,
KIPPIN T E,Tod Kippin,3.539793,3.3,2807,54,2010,2024,14,5,2802,3.2,INT,MCDB,PSY,,,,
OAKLEY T H,Todd Oakley,3.258331,3,3403,22,2009,2023,14,16,3387,3.4,BIOL,EEMB,,,,,
CARLSON T A,Tom Carlson,3.006063,4.4,1270,41,2009,2024,15,0,1270,4,RG,,,,,,
SIDERIS T C,Tom Sideris,2.893065,3.6,2062,33,2009,2021,12,109,1953,3,MATH,,,,,,
DICKEY T D,Tommy Dickey,3.252437,1.6,2359,50,2009,2016,7,0,2359,4.5,GEOG,INT,,,,,
MARKS T G,Trevor Marks,3.419866,4,1047,24,2017,2024,7,0,1047,3.9,ME,,,,,,
HASEGAWA T,Tsuyoshi Hasegawa,2.731848,3,2468,60,2009,2016,7,0,2468,3.8,HIST,,,,,,
PADULA V,Valentina Padula,3.255299,2.1,3425,61,2010,2024,14,0,3425,4.7,ITAL,,,,,,
WOODS V E,Vanessa Woods,3.239763,3.6,8621,102,2013,2024,11,399,8222,3.6,INT,PSY,,,,,
WALLACE V A,Vesna Wallace,3.36718,2.3,1557,28,2011,2024,13,0,1557,3.4,EACS,RG,,,,,
ARENAS VELAZQ,Victor Arenas,3.363733,2.2,659,55,2017,2024,7,0,659,4.8,SOC,,,,,,
RIOS V M,Victor Rios,3.576489,1.9,4249,93,2010,2023,13,110,4139,4.2,INT,SOC,,,,,
WELTER V W,Volker Welter,3.308585,3.1,2586,55,2010,2024,14,0,2586,3.8,ARTHI,ENV,INT,,,,
TSOUNA V,Voula Tsouna,3.210281,3.2,1955,43,2010,2023,13,0,1955,3.8,PHIL,,,,,,
HERNDON W W,Wade Herndon,3.057757,2.4,1721,34,2014,2016,2,0,1721,4.3,PSTAT,,,,,,
ROOF W C,Wade Roof,3.417837,2.2,869,28,2009,2016,7,0,869,3.5,RG,,,,,,
AFIFI W A,Walid Afifi,3.242029,3.2,4121,47,2009,2024,15,557,3564,3.7,COMM,INT,,,,,
SHAH S,Waqar Shah,3.01342,3.5,693,65,2022,2024,2,0,693,3.2,MATH,,,,,,
TIAN W,Wenchuan Tian,3.274157,3,1246,34,2021,2024,3,0,1246,4,MATH,,,,,,
MEIRING W,Wendy Meiring,3.154564,3.6,1928,38,2009,2024,15,177,1751,2.7,INT,PSTAT,,,,,
FREUDENBURG W,William Freudenburg,3.105144,2.5,836,88,2009,2010,1,0,836,4.2,ENV,,,,,,
RICE W R,William Rice,2.397421,3.8,7560,44,2011,2018,7,5,7555,3.2,EEMB,,,,,,
ROBINSON W I,William Robinson,3.232896,3.2,6399,124,2009,2024,15,0,6399,3.5,SOC,,,,,,
SMITH W,William Smith,2.887331,3.9,2668,22,2009,2024,15,14,2654,3.1,BMSE,MCDB,,,,,
VAN DAM W,Wim Van Dam,2.894304,4,1071,44,2010,2019,9,33,1038,2.7,CMPSC,CMPTGCS,ECE,PHYS,,,
KITTLER W D,Wolf Kittler,3.27145,2.7,3380,79,2009,2024,15,8,3372,2.7,C,GER,LIT,,,,
DAI X Z,Xianzhe Dai,2.406853,3.3,3079,108,2010,2024,14,57,3022,2.9,INT,MATH,,,,,
ZHAO X,Xiaojian Zhao,3.279826,2.5,4471,64,2010,2023,13,690,3781,3.8,AS,INT,,,,,
ZHENG X,Xiaowei Zheng,3.330048,3.3,1887,45,2010,2024,14,65,1822,4.5,CHIN,EACS,HIST,INT,,,
KHARITONOVA Y,Yekaterina Kate Kharitonova,3.147079,3.6,3783,160,2018,2024,6,1,3782,2.4,CMPSC,CMPSCW,INT,,,,
ZHANG YITANG,Yitang Zhang,3.415807,2.4,1474,26,2016,2024,8,2,1472,4,MATH,,,,,,
ISUKAPALLI Y,Yogananda Isukapalli,3.516062,3.5,2011,39,2017,2024,7,0,2011,4.9,ECE,,,,,,
BENZARTI Y C,Youssef Benzarti,3.257229,2.5,2483,31,2019,2024,5,0,2483,4.7,ECON,,,,,,
YU H-J,Yu Feng,3.457083,4.1,1193,38,2009,2022,13,0,1193,2.5,CHIN,,,,,,
WANG Y F,Yuan-Fang Wang,2.946437,4,1277,48,2010,2024,14,0,1277,1.9,CMPSC,ECE,,,,,
HUANG YU,Yunte Huang,3.350203,2,3199,69,2009,2024,15,38,3161,3.1,C,ENGL,LIT,W&L,,,
EILON Z C,Zachary Eilon,2.920094,3.2,1065,21,2018,2024,6,0,1065,4.6,EARTH,,,,,,
GROSSMAN Z J,Zack Grossman,2.715394,3.6,3209,72,2010,2017,7,0,3209,2.6,ECON,,,,,,
AVETISYAN Z,Zhirayr Avetisyan,2.562866,4.3,921,37,2018,2021,3,0,921,2,MATH,,,,,,
MATNI Z A,Ziad Matni,3.181337,3,6789,106,2016,2024,8,23,6766,4,CMPSC,CMPSCW,CMPTGCS,COMM,,,
ZHU ZIMU,Zimu Zhu,3.510191,3.6,942,22,2021,2024,3,0,942,3.5,PSTAT,,,,,,
LIBERMAN Z E,Zoe Liberman,3.038428,3.1,3703,83,2016,2023,7,61,3642,3.2,INT,PSY,,,,,
DOGIC Z,Zvonimir Dogic,3.182292,3.7,3394,49,2018,2023,5,0,3394,2.9,BMSE,PHYS,,,,,
